{
    "tassel_heights": [
        0.1653290529695024
    ],
    "ear_heights": [
        0.7054779633386902
    ],
    "leaf_heights": [
        0.3634562821811353,
        0.43884700290893036,
        0.5085139548417541,
        0.5805268696623371,
        0.6724497314479639
    ]
}