{
    "tassel_heights": [
        0.0569444
    ],
    "ear_heights": [
        0.6743413230506136,
        0.619415679852742
    ],
    "leaf_heights": [
        0.2631945,
        0.31832993378061014,
        0.3852637357835622,
        0.46588960209721775,
        0.5515068697415694
    ]
}