{
    "tassel_heights": [
        0.265278
    ],
    "ear_heights": [
        0.7791285521936311
    ],
    "leaf_heights": [
        0.478740783613134,
        0.5405624883064255,
        0.6079693633701205,
        0.6867198420885808,
        0.7650876329111097
    ]
}