{
    "tassel_heights": [
        0.247222
    ],
    "ear_heights": [
        0.7611897073550673,
        0.8718826575800211
    ],
    "leaf_heights": [
        0.5206612163938921,
        0.5942780753456731,
        0.6692557138131607,
        0.7391605660717999
    ]
}