{
    "tassel_heights": [
        0.185417
    ],
    "ear_heights": [
        0.720908253789013,
        0.839496986339001
    ],
    "leaf_heights": [
        0.369436408542823,
        0.444403408235712,
        0.5106867494922864,
        0.5775739116716608,
        0.6528207929102113
    ]
}