{
    "tassel_heights": [
        0.24398073836276085
    ],
    "ear_heights": [
        0.7895218714591272
    ],
    "leaf_heights": [
        0.4336575855742166,
        0.488136662485924,
        0.5530492374765412,
        0.6141525591139422,
        0.6863818647148479,
        0.767175767501798
    ]
}