{
    "tassel_heights": [
        0.229167
    ],
    "ear_heights": [
        0.7611449176836107
    ],
    "leaf_heights": [
        0.3818380454689059,
        0.5181334141486649,
        0.5839475017789346,
        0.672663133075508
    ]
}