{
    "tassel_heights": [
        0.214583
    ],
    "ear_heights": [
        0.7316901871387187,
        0.6815302683371407
    ],
    "leaf_heights": [
        0.3756749687514841,
        0.4440455221647974,
        0.5165849527924797,
        0.5849555062057931,
        0.6512145170102599
    ]
}