{
    "tassel_heights": [
        0.248611
    ],
    "ear_heights": [
        0.7486284415063387,
        0.8268980262543609
    ],
    "leaf_heights": [
        0.38017271458038515,
        0.460346682787303,
        0.5366351700644564,
        0.6088330939707457,
        0.6828092689863551
    ]
}